epochs,loss,acc,val_loss,val_acc
0,0.2843404270708561,0.8901096895337105,0.13558327555656433,0.9649122953414917
